label,acc_x_min,acc_y_min,acc_z_min,acc_x_max,acc_y_max,acc_z_max,acc_x_skewness,acc_y_skewness,acc_z_skewness,acc_x_kurtosis,acc_y_kurtosis,acc_z_kurtosis,gy_x_min,gy_y_min,gy_z_min,gy_x_max,gy_y_max,gy_z_max,gy_x_skewness,gy_y_skewness,gy_z_skewness,gy_x_kurtosis,gy_y_kurtosis,gy_z_kurtosis
0,7.87,-3.19,-5.49,13.61,2.86,0.2,1.4419280362745566,1.6442271102849224,-0.022928263519314932,6.005763458833046,4.01323988964162,0.6327440756036729,-0.84,-0.56,-0.53,0.96,0.5,0.54,0.6132341775130706,-0.22320196020436242,-0.09235380804767608,0.338690474036242,0.5613799553926277,0.43629763340819094
0,6.23,-4.05,-6.8,16.09,5.41,0.6,1.4923348739768898,0.8968687121675951,-0.6296782581968632,3.1642188208956155,0.010787150630240827,0.17655151946673842,-0.88,-1.2,-0.83,1.69,1.11,0.76,0.7908274777697567,-0.5964284536579965,0.09304573064152052,1.5976498251482818,1.376748898048441,0.7554312937797572
0,-0.55,-16.15,-29.81,29.4,15.64,5.02,1.7626146754795593,0.8901942266004877,-3.5553697596037726,6.6428463150496935,17.348678529572407,23.081398827253903,-2.51,-4.57,-1.46,4.49,1.25,2.38,-0.1802084264261885,-3.2372722747653,1.37128165178171,0.02939358111354018,23.33059724984182,5.7851102164222254
0,-1.91,-8.92,-16.62,40.46,17.69,5.21,2.0948511476139338,2.5248474644625523,-1.2785305313696214,14.554256412655658,13.113945581199388,7.461148085988976,-2.62,-1.91,-1.54,3.26,1.91,2.41,0.4263621936708814,0.5131878235325238,0.17248488801128464,0.7530298830827222,6.553349821938115,2.945354322631938
0,-0.76,-9.0,-28.21,32.6,10.69,3.68,1.9334382892628204,0.8974613907662209,-3.8651851096423195,9.500910356901032,6.69262114732169,26.3590284158816,-1.98,-3.34,-1.09,3.16,2.83,3.13,0.2505273765704228,-1.586909610845097,1.5726947154901543,-0.5945301756240342,22.36166352999096,6.702296160445028
0,-1.26,-4.76,-9.59,23.77,19.21,1.01,0.899709263194196,2.330149757553673,-0.46149944790202785,5.4259804222416435,11.051487455156016,0.48243450457536596,-1.88,-1.99,-1.33,2.54,1.33,1.12,-0.3355971182273364,-1.0892634632575267,-0.3399687183175352,0.7410732103719972,3.610722360166629,0.8200444837614196
0,6.43,-5.43,-7.21,14.74,6.17,0.25,0.9884480353103187,0.948721528371468,-0.2572086228311514,1.9040768024539911,1.9996178378108578,0.03290771436116824,-2.82,-0.95,-1.61,2.76,1.12,1.15,0.573383286547069,0.03735208186778323,-0.9745168915664066,1.003476605001171,2.3306249626234177,2.1812080162062655
0,4.48,-5.71,-8.83,16.34,6.72,1.71,0.6912159012289883,0.42969104105103273,-0.6892315295117509,0.5436229885850672,0.41917830002358425,0.11723795076408372,-2.15,-1.44,-0.94,2.02,0.72,0.85,0.09778978444979632,-0.8528858956590624,-0.04095403895134422,-0.6801165026398146,0.8246753112031162,-0.6074795185202935
0,4.91,-4.5,-7.47,20.89,6.14,0.38,1.0279735771769691,0.2652857757654586,-0.6995204411850294,1.0768517403615956,-0.0992249425910603,-0.27389097350890257,-1.76,-1.27,-0.55,1.4,0.74,1.05,-0.14797879864282257,-0.8145924359129688,0.7466761377056157,-0.8375628495670333,0.33771175517466956,0.4179217579731831
0,5.47,-6.52,-7.88,18.38,8.96,0.47,0.8532635434362152,0.8918127304662162,-0.21403837496074238,0.9728952128049424,1.9807205813859188,-0.44003249399702016,-2.46,-1.06,-1.37,2.38,0.78,1.05,-0.3720292378249203,-0.9152523725129154,0.03649802870753716,0.4845842845809334,0.9455158524264573,0.3912262852449375
0,-2.81,-19.31,-38.57,41.96,23.31,8.22,1.2607887471743227,-0.4412386832300051,-2.0962170891489595,1.060279289931132,3.433566463985775,7.155687369247506,-6.82,-4.49,-2.54,4.97,4.96,5.04,-0.040001890092981725,0.58955512727087,1.947497934696401,2.0359649676733556,9.900942148938006,6.846704036434211
0,-2.26,-11.33,-17.85,33.46,28.51,7.75,0.9943649179855778,1.5225646087743891,-1.1166025839108586,4.993002451062631,10.880772160505263,5.47077184197361,-3.36,-2.9,-2.32,6.62,1.9,2.63,0.8454871154094781,-0.9221478917693329,-0.21869084711526202,2.5655887255024767,4.757212419406492,3.147110911118575
0,2.46,-5.7,-9.62,18.91,9.17,1.22,0.40550249665287547,0.9204287633424708,-0.6039080169969342,-0.23631728927311402,1.0483527016247907,0.6423191297462938,-2.4,-0.9,-1.01,2.46,1.45,0.93,0.05660192060771289,0.40257610018711387,-0.04763095913693721,-0.12720197284933255,0.34174723926624084,-0.1831018882628599
0,3.02,-5.75,-8.68,19.99,7.87,1.14,0.46594350603729473,0.7516012469631939,-0.3738330319445164,-0.15237505684193886,0.7898052710064363,-0.3613843543333326,-2.52,-1.15,-0.97,1.78,1.33,0.69,-0.3713881840924446,0.0076049420559099355,-0.20136049341187653,-0.18943607549752484,0.5973416047501008,-0.2966487013793926
0,0.35,-22.94,-32.0,40.55,9.23,4.02,2.3681065048905325,-0.5336717968571872,-4.336948532278174,19.90680887607838,4.062540666925002,39.08646031316943,-2.46,-6.98,-1.89,3.27,1.88,2.71,-0.04771151403732633,-2.9074779138333007,0.6951115942997861,-0.44374419509045016,20.938843627905456,5.784229585130342
0,1.31,-13.27,-15.43,17.44,3.75,12.69,1.0761191843312314,-0.3553438598831786,0.48420337585003476,0.8640092120513092,4.490867491564855,2.2927413733712108,-4.38,-2.84,-2.73,3.88,3.05,2.46,0.23167253911236615,0.9738301493210576,0.8133527012438584,4.291301191688689,9.5290451787099,6.022665271971141
0,4.19,-16.18,-12.28,19.72,10.23,6.86,0.6780252591043701,-0.14094147447242442,-0.5537971777021787,0.4031992159988831,2.4968484741893207,2.229382757504454,-6.92,-1.91,-1.79,2.55,2.84,0.84,-1.0834752984699652,-0.08577208382247838,-0.8103838063583115,4.751738896441456,4.690264264549532,2.976664236909622
0,-1.39,-9.74,-21.96,30.96,14.77,3.68,0.6922250186255526,0.47842986333912646,-2.3908690771310193,1.8615003764647655,1.699736924124668,11.123171751039763,-2.81,-1.4,-1.16,4.23,1.46,1.42,0.5024602121179469,-0.3327238118608624,-0.2876166709422015,0.5954947100984467,0.5371358920027935,0.13596090906344038
0,5.28,-5.66,-6.76,17.02,7.83,0.83,0.3792690180893448,1.0159169515214341,-0.47764761753878615,-0.7528669567499895,1.3694345573248068,-0.17479316907432674,-2.27,-1.14,-0.55,1.85,0.62,0.67,-0.29985261534838814,-0.7336395491781895,0.17937348170856146,0.18608736259737313,0.2319861203434712,-0.9496904142428173
0,-0.26,-9.49,-17.39,35.46,7.14,2.59,1.6566860268788681,0.21930809471123486,-1.891063301472349,7.163487288401562,1.8333136747626604,9.14462185148784,-2.98,-1.81,-0.94,2.24,1.02,2.02,-0.42404553030069086,-0.6956498188497958,0.6862390972407366,0.40384929426730354,1.30837200555637,2.50705922314759
0,1.02,-9.16,-18.76,25.08,9.5,10.72,1.0531786811873012,0.27429023140500786,-1.1382227244861556,1.1828820801875546,1.960504326669632,5.879127096317333,-2.08,-1.94,-0.83,2.16,1.51,1.29,0.25940501988532044,-1.0093221056672124,0.2043190013331684,0.2375671907798722,2.2727811831561864,0.7088675183891628
0,0.48,-15.06,-22.87,34.62,9.58,8.18,1.4435791957680273,-1.0690129721712553,-2.047998393936038,3.017842782412986,5.095215271521003,9.79617633715499,-2.6,-1.81,-1.21,3.47,1.84,1.82,0.6916452812917503,-0.39866454837866727,0.7348602915714274,1.5728155668335821,1.2169061982616292,2.4625703990108665
0,-0.59,-12.6,-22.89,35.18,12.84,5.47,1.7648530027162266,0.09872139355758007,-2.6500636393942507,6.494504640364179,5.677147084860126,14.063002851030458,-2.94,-1.77,-0.86,3.24,1.4,1.81,0.21899064563838375,-0.9783902766313616,0.5692455809902716,1.0135728494601848,2.624336264822495,1.0953167264415589
0,-0.01,-36.79,-20.11,45.26,14.17,7.29,2.244184233702343,-2.7435102437066776,-2.245226876174391,9.04509353898258,24.676197266569748,10.24802767748607,-4.54,-2.64,-1.87,5.19,2.23,3.22,0.6734214430300919,-0.7870992284254043,1.2745943613358686,4.705925534048596,7.397133242960782,12.081472402049714
0,4.64,-5.56,-6.77,17.22,9.85,1.45,0.17834802497648003,0.7629036564126842,-0.43278321052413316,-0.9706967444535666,1.0700615480608135,-0.7363863146293688,-1.83,-0.96,-0.6,1.93,0.57,0.79,0.32465337146555706,-0.7837360706008264,0.2819350209441893,0.045287877330671744,0.31922273221524167,-0.9415630230241527
1,-9.48,-12.74,-10.3,14.92,29.25,14.78,-0.8592685934018047,0.9896526511164753,1.2356693861318566,1.0982451202468502,1.949207885544145,3.5706145709400277,-6.51,-1.75,-3.82,5.13,2.64,2.98,-1.425082449599164,1.1300772118981781,-1.8509314331357203,23.725566072042163,13.107205554604814,9.956342555753858
1,-11.32,-11.14,-32.73,16.0,30.6,12.07,-0.47018796981382327,0.8479311048301809,-1.0355936985754277,0.1254140671379651,0.9589914494066765,8.56006912832272,-7.91,-2.48,-3.32,6.0,4.53,3.22,-0.7405762100762315,1.0961434485650352,-0.23634440429068224,8.473651103896469,18.125099896397792,3.363734431884671
0,-7.69,-8.71,-11.0,23.27,16.88,10.76,0.29264503976447465,0.11078701797796978,0.7250214643830041,1.5749664228110705,-1.6697296184861963,5.403219238927473,-5.0,-2.86,-2.58,6.61,1.69,3.67,0.41595273695578877,-1.7528173238920743,1.012263016286604,16.851233718373017,8.670996375069446,10.012228745124428
0,-1.12,-19.49,-22.25,38.02,6.17,2.45,1.7091560758182336,-0.3245838390151495,-2.454535352412242,8.483236172195936,5.647224455225233,13.197919960242722,-3.61,-2.96,-1.3,8.73,1.38,2.83,1.4770528565301724,-1.7773777794368697,1.1105625371460057,12.087639832032238,14.666234500643231,3.9902811153398323
0,5.43,-6.52,-7.26,14.94,5.17,1.05,0.5310635672645211,0.736395964796736,-0.10329529789496002,-0.19085992170929122,1.6374122802322866,0.2770340029608924,-2.2,-0.88,-0.56,1.9,1.53,0.55,-0.3439109654975171,0.49397511399566935,0.04728186137181275,1.0086886314740324,2.8027450818804205,-0.7114206129748828
0,3.98,-7.84,-8.31,17.17,6.45,3.77,0.25250800725787076,0.6315978608850598,-0.030653772120724926,-0.5315716832621282,1.4136164066370824,1.4494581120590668,-3.11,-2.85,-1.26,2.26,1.59,1.25,-0.23876933663820332,-0.8778107164996178,-0.07838428799899216,0.6599136663393228,10.976422014075135,0.3681216780924901
0,4.69,-7.18,-6.83,14.04,5.09,0.37,0.1531411899618174,0.9060069422044702,-0.26139759268550555,-1.0724455764386869,1.6678997387476588,-0.524547247293345,-2.56,-0.62,-0.75,2.02,1.03,0.89,-0.6377789767653015,0.6383226329423793,0.20268273931674846,1.4382385248195435,1.502212065436881,-0.35062275107163465
0,5.1,-6.57,-7.18,14.02,4.22,0.32,0.5830756332481298,0.9462840689742744,0.1464485819028949,0.18786755536640332,2.1678715977814482,-0.25454344441349663,-2.22,-0.84,-1.11,2.26,0.74,0.8,-0.20166722543866175,-0.158924297486653,-0.4809268008524408,0.5234467190898444,0.06587245624648563,0.6083399609508757
0,5.94,-6.43,-7.72,17.79,3.28,0.3,1.1167639742682072,-0.007466602245873652,-0.5383706276915251,0.9759494057889118,0.3001521056978773,0.2414954636374853,-1.53,-0.94,-0.48,1.06,0.85,0.86,-0.051470020345082856,-0.6599002220826475,0.19511907061702324,-0.4786125830464334,-0.3047964972668975,-0.32023401081428204
0,5.27,-6.72,-7.27,17.42,4.42,0.91,0.7499951569420888,0.2161472498993321,-0.30516229983944954,-0.14288323135216308,0.1583193798014122,-0.39852163766802917,-1.91,-1.26,-0.75,1.7,1.09,1.04,0.04847710126551087,-0.5931219934607214,0.29303747873176705,0.15334188949443295,0.2733818189757087,-0.2525068268082218
0,4.66,-7.26,-6.49,16.82,4.35,1.41,0.3527163018627777,0.4459002096778555,-0.024398013346877356,-0.31558081925529224,0.09035336048993559,-0.48526830166494195,-2.23,-0.97,-0.83,1.71,0.84,0.8,-0.3898401895242699,-0.25739222455025246,-0.029025945058185575,0.3200736895046865,-0.4138065126026933,-0.3269922735646218
1,-9.96,-5.26,-12.99,15.73,29.97,10.35,-0.742620411833392,0.7141486807523865,2.561634092801635,1.1537721508425225,0.4823277968488444,15.423703183764893,-3.35,-3.98,-4.85,7.08,2.62,3.48,2.964864156655228,-2.447294362875158,-2.180367740117566,25.635508992920705,34.441121053997215,11.119199264373254
1,-12.33,-7.4,-8.56,22.9,26.13,13.59,-0.26214503400863576,0.336344365800503,1.0438206941475325,2.445253102687734,-0.7755115889210558,2.9198254530167134,-3.77,-2.96,-4.54,4.6,1.27,5.49,-0.1817986938637331,-1.3672959549835793,-0.03938790751105406,3.7757295713457903,8.329220417328205,6.117729546894198
0,-4.55,-10.68,-8.77,14.2,19.16,5.4,-0.5081279375563114,0.3565224661366849,0.12050114736258044,2.975320699881822,-1.3984054360704943,-0.7531599762035786,-3.9,-1.31,-2.85,2.75,0.99,2.77,-0.8096721818334627,-0.2376410317142029,-0.16269475416615378,7.132507109596361,0.6695298442402886,5.181802866013072
1,-8.22,-9.52,-25.18,21.6,25.93,10.6,-0.6693713222611836,0.43893518123429687,-3.0880222764213467,5.959672765164234,-0.7027859237046457,30.349890359157534,-5.25,-5.38,-4.64,8.73,3.55,3.17,2.38663645164004,-0.9264750231160995,-2.3737175643958137,38.71560614390943,25.794692997775535,13.657640330688228
0,-4.48,-12.69,-13.57,22.06,22.7,4.99,0.17680765795472814,1.7769402095877718,-0.2661546914581023,4.242705357452258,2.471441012174872,3.4943233792344923,-2.88,-3.08,-2.86,3.99,1.84,4.35,0.22933608422552915,-0.14030082473240707,2.1300726729978656,5.7912592929065525,2.7444846743684925,17.38733474103644
0,3.23,-12.07,-6.93,16.46,-1.43,2.78,0.8564724911335998,-0.20539779901547667,-0.058891736594530585,0.7780209741941757,0.033449633272075285,-0.13215832318757448,-1.48,-1.93,-0.8,2.15,1.31,0.82,0.5454285452878294,-0.5328989901394782,0.13412081053732797,1.538581268661349,1.9432119092200173,-0.06258633536367775
0,-1.42,-31.62,-25.9,36.17,1.53,13.46,1.9474267506910978,-2.0724844417954382,-2.4943426713764936,4.5321106627028085,5.716903769580005,14.428948854184924,-2.6,-1.75,-1.77,4.1,1.81,2.47,0.7689340915738004,-0.14836368209548684,0.7620030909113467,3.296989044783066,1.0368947575148324,5.607383287282618
0,0.02,-25.23,-20.17,53.28,3.99,18.62,2.221349675280647,-1.7665695233137289,-0.7350986824617607,9.839647884081637,6.606711428923859,11.234995640755937,-3.49,-1.2,-1.16,3.73,1.8,1.13,0.20011354384039304,0.4123610291780433,0.13512416360156018,1.7966738565928129,0.825152722243796,0.6387768723098382
0,5.2,-7.3,-7.11,16.69,3.9,2.78,0.6355199638509252,0.6128575829571532,0.02323486754927443,-0.04416996610968438,1.5111244913972834,0.01722695167843913,-1.31,-0.92,-0.86,2.17,0.55,0.77,0.20345283234251982,-0.20613280533764736,-0.056580323607104896,-0.2236407758870116,-0.31461060398863205,-0.5278070028180726
0,7.17,-1.32,-1.7,14.54,4.47,3.84,0.9846588513762264,-0.6469019831399644,0.4671918859748944,0.6096174136062507,-0.526261915474052,-0.42656731838796613,-0.96,-0.41,-0.56,0.97,0.69,0.39,0.015980473032005733,0.3076364095273185,-0.30642905192882525,0.1555773619134908,-0.9917788216850889,-0.806706583233161
0,5.78,-2.72,-2.39,15.35,5.2,4.07,0.9682665691861565,-0.6542787766820819,0.18602005304708055,0.9173120503981931,0.20071148165206498,-0.20841362722246304,-1.16,-0.6,-0.66,0.94,0.73,0.41,-0.45077360643283115,0.28268598699754127,-0.5629591997139641,0.42865484489786443,-0.6952380525667379,-0.4601853026511882
0,6.53,-3.26,-2.62,15.84,5.82,4.02,1.2975539778106024,-0.6710277795014228,0.21435027466988626,1.487836056836847,0.42014734255944397,-0.25533323244092854,-1.25,-0.53,-0.78,1.06,0.87,0.38,-0.27577790857711504,0.45542229599706546,-0.8426762913865716,0.4978502578407231,-0.19453048255834515,0.1033861237726077
0,-0.82,-14.67,-4.92,35.8,17.42,9.28,1.6575868516705958,-0.3817087364480778,0.27922267080369345,12.612934023032913,8.426836132297192,1.6931669333067267,-3.18,-0.86,-2.25,3.64,3.2,1.43,-0.009903344801861134,2.1210697305946793,-0.35654414806494755,-0.24886918243090195,11.095411809954925,3.843393906510583
0,-0.17,-2.78,-19.18,49.13,25.68,5.83,5.43235965539569,0.9509778915882021,-1.693933430021177,68.18671799092682,4.949729529410053,9.862000608838327,-3.48,-0.96,-3.69,3.49,3.75,1.88,-0.3034310892771195,3.214087413530252,-1.3281793610018604,2.395284843428043,18.605955509720726,6.739903829628995
0,1.55,-3.19,-8.67,14.56,16.58,3.74,1.4873126823959766,-0.8166468638896175,-0.8656693854115738,3.219289626714411,1.0558449261235667,-0.6893969993394835,-2.57,-2.16,-1.6,4.66,1.64,3.93,0.5550517486944179,-0.7356268883673885,2.154817264760032,8.294138851739179,3.6872630965798026,12.27361024749034
0,0.4,-1.51,-11.59,34.38,14.01,19.71,2.7357060248373872,1.4065138620202493,2.663392184523773,33.391749692309595,10.214990559149658,25.553661702196194,-5.95,-1.44,-1.77,3.2,1.74,1.67,-1.4093825325160376,-0.2865845423111061,0.48977458707197685,4.246101313721715,1.6999833816339196,3.2069115498311405
0,-1.15,-5.52,-6.65,42.36,14.88,16.15,2.5471061595223565,0.38860490787221574,1.5529884050869598,9.861330884090771,3.734047306892183,12.80499613761457,-2.09,-1.61,-1.87,2.95,1.88,1.09,0.0928937428277741,-0.3066879962751349,-0.5789846281070181,0.5156779822108555,3.1346798196791896,1.7057871393364668
0,5.27,-3.54,-4.81,17.7,6.02,4.65,0.7462227641721917,-1.1570829984049589,-0.4976072562559494,1.7307930709470147,2.793855668209164,1.5338404915379753,-2.02,-0.67,-0.96,1.39,0.98,0.65,-0.4164502914262922,0.41800091521710553,-0.36041868254115794,1.2127677456518757,0.918701712088771,0.9254346856816147
0,5.98,-2.89,-3.11,16.42,5.36,6.71,0.5639309683522149,-0.3882797981853942,0.07059594835531396,0.5172676263036031,0.245642625205166,-0.17244959310388586,-2.24,-0.66,-0.89,2.52,1.26,1.24,0.7263569695534746,0.30159517458531593,-0.17902696601704982,2.6452499803184244,-0.37134409156392634,0.15844384016507806
0,3.6,-9.64,-3.5,12.06,3.95,9.96,-0.9171291419270938,-0.7154076116183641,0.3951294717941547,-0.5263462085804513,-1.2381529713067512,0.9319834253110906,-2.42,-0.59,-1.46,2.03,0.86,1.42,-0.4893099402695961,0.42915925835631485,-0.16043770948506306,1.7392591315875148,0.6408393104793886,0.8359351602792118
1,-13.31,-44.17,-14.64,21.15,6.44,48.79,-0.7515268787601197,-2.2525827314789133,6.492608112830333,1.8200791378053474,7.6197616510020545,76.72465045267394,-8.73,-3.6,-3.34,6.84,2.38,2.81,-0.2959568234466721,-1.2487830295002962,1.1983404311842172,2.5708645622846342,13.54476484284822,6.265074530967244
0,-2.43,-15.27,-7.36,15.24,6.3,6.68,-0.6791482615330929,-0.526405107976828,0.04729294900664132,-0.7446054370687851,-1.5159731807169328,0.6737705856182568,-3.03,-1.66,-3.83,3.69,1.61,2.18,0.6223502676803658,0.09790592430794734,-2.382555364678966,1.712207555523932,1.1097107976244382,16.932804563310427
1,-7.45,-1.55,-8.91,24.88,30.08,14.58,-0.7606738334733367,2.6365878568018157,0.9724339227797866,1.80671768630853,12.08071303609182,15.686837400521277,-3.97,-2.63,-7.06,3.23,5.59,2.71,-0.6760197720853516,4.818771728834416,-4.447245083340296,12.480851382975665,62.55982085683631,31.593080275518567
1,-1.64,-7.63,-20.24,22.35,47.27,8.6,0.6878328887995406,1.0745733315014274,-0.8582052270639916,-0.5207254356173556,8.965247808302829,-0.5647734480261923,-1.91,-4.12,-8.73,8.73,1.12,6.91,3.3172003844838063,-2.4997789589536263,-1.7322685965393823,32.81432904537548,14.881997094351242,38.361847520234846
0,-0.73,-2.39,-9.82,14.53,6.69,13.07,-1.2285525532067398,0.2280884499115787,0.3031855758223445,0.9655190802400484,-0.5572080621854254,1.2389052100658482,-2.28,-1.7,-2.15,2.42,2.85,1.53,-0.005400275848931554,0.8354316969316238,-0.5298879059097077,0.8666070456764503,1.7532451160396247,1.9968513952566322
1,-14.88,-8.63,-3.82,14.45,8.37,53.13,-1.5113566678010297,0.03353723738145816,2.8179342043806037,2.753508736144627,4.175470522484136,16.1510634089005,-3.29,-3.27,-1.69,7.43,4.61,2.4,2.211057199964364,2.356373450197698,1.0701674297438726,22.65191433092095,14.045232663232674,7.5237255670844405
1,-20.78,-38.09,-14.69,55.28,10.72,33.28,1.2963500061263877,-3.6130245560089946,1.9335162041977614,36.99540117193828,24.719840228043893,7.374672701833024,-8.73,-4.59,-5.23,8.73,5.07,8.73,-0.45119278146015834,-1.1326458431485469,3.065672980591437,17.56897892126731,29.603363125842655,76.01416304374477
0,2.21,-9.65,-10.23,14.05,12.25,9.46,-0.5460983189794199,-0.7098517236051801,0.5558929737356787,-0.6545341486352338,-0.4506490313447342,-1.0843222227141327,-2.58,-1.83,-4.63,2.51,0.97,1.37,0.05959435753609662,-0.5989830128122227,-2.2702765637269575,0.986399737221828,2.0637697574091716,11.321172994953077
0,-0.87,-11.17,-35.8,55.68,48.77,3.58,5.153217279068604,5.96584124236726,-3.869170721780291,64.37967818454116,89.15410050598427,40.02829546729195,-4.26,-1.75,-2.14,2.64,3.17,6.76,-0.4729383155055125,0.41836139206671674,3.6176943328003444,1.4236798809507345,2.7685060423763357,40.045243006737756
0,0.25,-12.96,-23.55,38.86,8.76,5.3,3.314508705798972,-0.04089808717298684,-1.8256010954298392,20.81459989199812,1.88944047234307,10.932889787322527,-2.6,-1.74,-1.9,3.17,2.79,1.91,0.16629588190110225,0.5928279905072066,0.1497575056158144,0.5547538233574256,6.723263308889022,1.5137263521735234
0,-0.71,-3.56,-8.47,46.45,7.23,1.69,5.198882315207488,1.0460563628590986,-0.25470819494000657,52.15299974075114,0.977525197247846,0.31497182992690753,-2.9,-0.8,-2.02,2.42,1.42,0.98,0.7757809268533314,0.4222281484894176,-0.657917420973547,1.074726737004073,2.296592901809957,0.8287844826498794
0,4.34,-4.02,-5.76,15.38,7.97,0.52,0.44949551195647824,1.3414873070373758,-0.18830103100358014,2.2039240581935884,2.0719212713576276,-0.7704538774797101,-2.51,-0.92,-1.26,1.15,0.67,0.78,-0.4348745189490797,-0.4902425600160376,-0.6158261752756369,-0.10104297168640342,-0.38778217145397553,0.07445534586957647
0,3.01,-2.42,-12.79,13.49,10.27,2.41,0.025240113497553306,0.11545910355993798,-0.6701289471725029,0.2812764634950278,-1.0044247043913892,2.0938746277251505,-1.13,-0.8,-1.19,2.37,1.23,1.2,0.8353151997525786,0.5511013327101287,0.1319805731411191,2.2642692767542014,0.4837804232283154,0.481772251520014
0,0.11,-3.57,-5.34,16.58,14.15,4.56,-0.7096723837429771,1.5875658053429296,0.8388808917500167,0.5494070822815655,1.5281108012954645,0.37061022808091293,-1.91,-1.94,-2.2,2.56,1.97,2.28,-0.5375493965277931,-0.24890751772877082,1.0223181205058633,2.263760319019914,1.108946861524183,2.3277796367348964
0,2.08,-5.65,-7.98,35.7,6.58,1.5,3.340622291049131,0.5036927910713492,-0.3579293082740098,26.42501678111694,0.2167722212416039,0.31027302633551823,-1.58,-0.69,-1.7,2.97,1.16,0.88,0.9078221764359616,-0.04970971910373915,-0.886549146316566,1.6585420627179026,-0.12732282425884422,3.720823908956052
0,6.22,-5.72,-5.88,15.68,5.08,0.82,1.1312080555993667,0.45881082310827126,0.06871108642750953,1.5717118577159832,0.25497256559517245,-0.588501583126765,-2.62,-0.89,-1.21,3.29,0.49,0.79,-0.14951410195532283,-0.5157299756231098,-0.24056807509350894,-0.5137305225796487,-0.4869313182399426,-0.5813354457932234
1,-12.01,-8.49,-34.66,23.53,71.77,20.74,-0.37454398986056686,3.2004701087709804,-2.014462201973046,2.563422534655203,27.09552925792364,28.827181536294088,-6.5,-2.08,-3.92,8.73,8.73,7.05,1.432486852908092,9.33584694363186,0.5141644372395952,23.151063015669255,140.92814262656117,14.020529632877054
1,-2.65,-21.19,-12.96,32.64,14.24,32.84,0.5070339428312667,0.22632329828324355,2.019494161527848,7.140537548851077,-0.8612480881079807,10.706974031898996,-6.8,-1.72,-3.45,5.87,3.75,2.63,-0.3427362323038139,1.8309356889488828,0.020807057229461044,3.2965671567676864,6.90850419171138,1.5827785493902775
0,7.96,-3.4,-3.74,11.24,-0.63,0.58,1.1747178968241045,1.2904882814163907,1.413246422780055,5.067035694482856,3.1151639914390783,2.279902204051859,-0.99,-0.31,-0.29,0.33,0.56,1.01,-0.8823615904628701,1.5339102942609721,2.4314043115726696,0.7098910487754182,6.223027865097144,13.182621183659563
0,7.74,-4.11,-6.58,11.63,2.18,0.55,1.2220077182471263,0.6798725425264518,0.45452214582348965,4.02570633843292,-0.5830075272261936,1.060065760930451,-0.83,-0.7,-0.71,2.18,0.58,0.37,1.5988851784401796,-0.43485738077800645,-1.1377978085481788,2.805176305520937,1.0522489159618216,2.20118713241697
1,-4.52,-27.43,-19.18,24.0,2.01,19.08,-0.27354434937699207,-2.0484775874401566,0.33424221061577825,0.16264355114915396,9.901963313284762,12.719384879278554,-5.71,-7.86,-2.79,3.08,2.08,7.52,-0.9689391752551686,-6.624750440343965,4.2253537228102225,1.862991543687686,77.87018277027805,31.59673395704319
0,0.81,-8.02,-12.34,17.99,13.44,1.64,0.30695874806975143,0.6274740544976284,0.4124331095345014,-1.2794779305861497,-0.3296600027969947,-0.4021303899119997,-1.78,-1.43,-2.53,2.92,2.55,2.12,0.8614752811650764,1.8908982125278515,-0.08558550176176431,0.9950772857872217,9.150313787614449,2.8516404165315317
1,-9.23,-4.35,-21.46,29.28,63.37,21.34,0.07150719828139802,5.875235610399403,0.17525473894737936,7.929551758234439,52.05309418324621,-0.1927590280901894,-5.71,-2.46,-2.51,8.73,2.27,5.78,0.7275183014477022,-0.39923700226142683,1.6472900174792213,20.634535886234044,7.289333761820281,20.276449250636098
1,-12.26,-30.01,-12.32,20.67,17.52,29.27,-2.6070798707666913,1.4794787168723842,1.805814046091197,7.68990315489337,12.449834482157558,3.4894970039762985,-7.74,-1.45,-5.14,8.73,2.98,4.87,-0.15388813701007628,0.7466339339236526,-0.39936665575569213,27.523256425460247,5.37759555346763,25.343776365894296
1,-8.58,-10.38,-14.48,18.73,27.04,13.61,-0.736520485089328,1.4018999812902893,0.9309149489000971,-0.6866105493982833,1.313178779435522,-0.6174004187981716,-2.66,-2.51,-4.45,5.75,2.52,4.25,1.3085222073714695,0.08361988009078264,-2.1881729395154905,6.159101743087476,7.052612793336758,18.055296239388127
1,-2.17,-8.97,-24.05,22.34,20.46,9.63,-0.8006852645451253,1.2989255798984765,-2.1128075222895064,1.9799912948766671,0.1536753245009348,10.912339663242678,-4.51,-3.45,-4.78,3.94,3.41,6.36,0.11605925834279242,0.5131074114368926,-0.37748672270771333,14.733127080558852,7.69400192911427,32.806670828331676
1,-65.99,-33.35,-20.54,16.1,16.71,21.9,-6.237582437684438,0.6280789104160832,-0.4450332870524884,65.7954984267479,33.14298870436003,9.232634495412759,-8.24,-4.94,-8.07,7.6,6.31,6.54,0.14676653145965424,2.1381370521227288,-1.7123264659387114,23.34913659083088,25.956798412976674,25.195946373928162
1,-8.55,-10.05,-50.63,19.74,17.2,13.3,0.14206199245983667,0.8833293315430575,-1.9749783280783386,-0.5241870133976145,0.6943247751474639,22.20635646042893,-8.37,-3.92,-8.73,6.34,4.37,2.46,-1.8946667702261504,0.4911315773239216,-3.647023075717448,16.906843646435867,5.553185985370744,48.375538932438104
0,-5.24,-14.46,-15.74,17.9,14.85,9.0,-0.4945399247298613,0.01953332894011581,-0.10730208168280407,-1.1857906695247682,0.5748956978978246,-0.8414650821697696,-4.45,-4.94,-3.6,7.39,4.9,3.97,1.3600465426618005,0.3475911034879372,-0.3010215121743373,12.767938775342198,8.472387843107851,8.021331331793881
0,4.8,-5.65,-8.81,19.38,8.98,2.73,1.64390737832834,1.0151451327736427,-0.350271264578545,4.916935937493932,3.658302937927668,0.5095014175814803,-2.19,-1.39,-1.5,3.57,2.07,1.52,0.34077455703619713,0.13760479493144284,-0.2095019826861555,0.8156717048155406,3.9674668805953504,1.2082450253028272